{
  "Deduct wallet money 29" : {
    "transaction" : "Deduct wallet money 29",
    "sampleCount" : 3000,
    "errorCount" : 0,
    "errorPct" : 0.0,
    "meanResTime" : 243.7859999999997,
    "medianResTime" : 154.0,
    "minResTime" : 3.0,
    "maxResTime" : 1970.0,
    "pct1ResTime" : 419.9000000000001,
    "pct2ResTime" : 1114.699999999999,
    "pct3ResTime" : 1547.9799999999996,
    "throughput" : 247.1780505891077,
    "receivedKBytesPerSec" : 55.035737826481004,
    "sentKBytesPerSec" : 50.69081115596935
  },
  "Deduct wallet money 28" : {
    "transaction" : "Deduct wallet money 28",
    "sampleCount" : 3000,
    "errorCount" : 0,
    "errorPct" : 0.0,
    "meanResTime" : 244.96333333333325,
    "medianResTime" : 154.0,
    "minResTime" : 3.0,
    "maxResTime" : 2002.0,
    "pct1ResTime" : 420.9000000000001,
    "pct2ResTime" : 1100.0,
    "pct3ResTime" : 1546.9599999999991,
    "throughput" : 247.1780505891077,
    "receivedKBytesPerSec" : 55.035737826481004,
    "sentKBytesPerSec" : 50.69081115596935
  },
  "Deduct wallet money 30" : {
    "transaction" : "Deduct wallet money 30",
    "sampleCount" : 3000,
    "errorCount" : 0,
    "errorPct" : 0.0,
    "meanResTime" : 244.66533333333362,
    "medianResTime" : 154.0,
    "minResTime" : 4.0,
    "maxResTime" : 1953.0,
    "pct1ResTime" : 420.0,
    "pct2ResTime" : 1122.7999999999993,
    "pct3ResTime" : 1513.9299999999985,
    "throughput" : 247.1780505891077,
    "receivedKBytesPerSec" : 55.035737826481004,
    "sentKBytesPerSec" : 50.69081115596935
  },
  "Total" : {
    "transaction" : "Total",
    "sampleCount" : 30000,
    "errorCount" : 0,
    "errorPct" : 0.0,
    "meanResTime" : 244.31633333333315,
    "medianResTime" : 158.0,
    "minResTime" : 2.0,
    "maxResTime" : 2043.0,
    "pct1ResTime" : 455.0,
    "pct2ResTime" : 1160.0,
    "pct3ResTime" : 1582.9900000000016,
    "throughput" : 2471.7805058910767,
    "receivedKBytesPerSec" : 550.3573782648101,
    "sentKBytesPerSec" : 506.90811155969345
  },
  "Deduct wallet money 23" : {
    "transaction" : "Deduct wallet money 23",
    "sampleCount" : 3000,
    "errorCount" : 0,
    "errorPct" : 0.0,
    "meanResTime" : 242.0519999999998,
    "medianResTime" : 154.0,
    "minResTime" : 3.0,
    "maxResTime" : 1997.0,
    "pct1ResTime" : 407.7000000000003,
    "pct2ResTime" : 1108.7999999999993,
    "pct3ResTime" : 1524.9799999999996,
    "throughput" : 247.1780505891077,
    "receivedKBytesPerSec" : 55.035737826481004,
    "sentKBytesPerSec" : 50.69081115596935
  },
  "Deduct wallet money 22" : {
    "transaction" : "Deduct wallet money 22",
    "sampleCount" : 3000,
    "errorCount" : 0,
    "errorPct" : 0.0,
    "meanResTime" : 241.51533333333361,
    "medianResTime" : 155.0,
    "minResTime" : 3.0,
    "maxResTime" : 1904.0,
    "pct1ResTime" : 419.8000000000002,
    "pct2ResTime" : 1094.9499999999998,
    "pct3ResTime" : 1546.9699999999993,
    "throughput" : 247.19841793012526,
    "receivedKBytesPerSec" : 55.04027274225445,
    "sentKBytesPerSec" : 50.69498805207647
  },
  "Deduct wallet money 21" : {
    "transaction" : "Deduct wallet money 21",
    "sampleCount" : 3000,
    "errorCount" : 0,
    "errorPct" : 0.0,
    "meanResTime" : 243.59800000000004,
    "medianResTime" : 154.0,
    "minResTime" : 2.0,
    "maxResTime" : 1964.0,
    "pct1ResTime" : 403.0,
    "pct2ResTime" : 1099.749999999999,
    "pct3ResTime" : 1513.9599999999991,
    "throughput" : 247.19841793012526,
    "receivedKBytesPerSec" : 55.04027274225445,
    "sentKBytesPerSec" : 50.69498805207647
  },
  "Deduct wallet money 27" : {
    "transaction" : "Deduct wallet money 27",
    "sampleCount" : 3000,
    "errorCount" : 0,
    "errorPct" : 0.0,
    "meanResTime" : 246.60199999999995,
    "medianResTime" : 158.0,
    "minResTime" : 3.0,
    "maxResTime" : 2043.0,
    "pct1ResTime" : 418.0,
    "pct2ResTime" : 1108.8499999999995,
    "pct3ResTime" : 1530.9199999999983,
    "throughput" : 247.19841793012526,
    "receivedKBytesPerSec" : 55.04027274225445,
    "sentKBytesPerSec" : 50.69498805207647
  },
  "Deduct wallet money 26" : {
    "transaction" : "Deduct wallet money 26",
    "sampleCount" : 3000,
    "errorCount" : 0,
    "errorPct" : 0.0,
    "meanResTime" : 244.35833333333298,
    "medianResTime" : 155.0,
    "minResTime" : 3.0,
    "maxResTime" : 1947.0,
    "pct1ResTime" : 410.9000000000001,
    "pct2ResTime" : 1109.8999999999996,
    "pct3ResTime" : 1536.8399999999965,
    "throughput" : 247.21878862793574,
    "receivedKBytesPerSec" : 55.044808405438815,
    "sentKBytesPerSec" : 50.69916563658838
  },
  "Deduct wallet money 25" : {
    "transaction" : "Deduct wallet money 25",
    "sampleCount" : 3000,
    "errorCount" : 0,
    "errorPct" : 0.0,
    "meanResTime" : 248.35733333333343,
    "medianResTime" : 163.0,
    "minResTime" : 3.0,
    "maxResTime" : 2003.0,
    "pct1ResTime" : 408.8000000000002,
    "pct2ResTime" : 1101.7999999999993,
    "pct3ResTime" : 1507.9599999999991,
    "throughput" : 247.1780505891077,
    "receivedKBytesPerSec" : 55.035737826481004,
    "sentKBytesPerSec" : 50.69081115596935
  },
  "Deduct wallet money 24" : {
    "transaction" : "Deduct wallet money 24",
    "sampleCount" : 3000,
    "errorCount" : 0,
    "errorPct" : 0.0,
    "meanResTime" : 243.26566666666687,
    "medianResTime" : 156.0,
    "minResTime" : 3.0,
    "maxResTime" : 2027.0,
    "pct1ResTime" : 409.9000000000001,
    "pct2ResTime" : 1103.0,
    "pct3ResTime" : 1516.0,
    "throughput" : 247.3003050037095,
    "receivedKBytesPerSec" : 55.06295853598219,
    "sentKBytesPerSec" : 50.71588286208886
  }
}